Title,Artist,Year,Month,Day,Lyrics,BPM,Key,Valence,Charts
Blank Space,Taylor Swift,2014,10,27,nice to meet you where you been i could show you incredible things magic madness heaven sin saw you there and i thought oh my god look at that face you look like my next mistake love's a game wanna play ayy   new money suit and tie i can read you like a magazine ain't it funny rumors fly and i know you heard about me so hey let's be friends i'm dyin' to see how this one ends grab your passport and my hand i can make the bad guys good for a weekend   so it's gonna be forever or it's gonna go down in flames you can tell me when it's over mm if the high was worth the pain got a long list of exlovers they'll tell you i'm insane 'cause you know i love the players and you love the game 'cause we're young and we're reckless we'll take this way too far it'll leave you breathless hmm or with a nasty scar got a long list of exlovers they'll tell you i'm insane but i've got a blank space baby and i'll write your name   cherry lips crystal skies i could show you incredible things stolen kisses pretty lies you're the king baby i'm your queen find out what you want be that girl for a month wait the worst is yet to come oh no  4 screaming crying perfect storms i can make all the tables turn rose garden filled with thorns keep you second guessin' like oh my god who is she i get drunk on jealousy but you'll come back each time you leave 'cause darling i'm a nightmare dressed like a daydream   so it's gonna be forever or it's gonna go down in flames you can tell me when it's over mm if the high was worth the pain got a long list of exlovers they'll tell you i'm insane 'cause you know i love the players and you love the game 'cause we're young and we're reckless we'll take this way too far it'll leave you breathless hmm or with a nasty scar got a long list of exlovers they'll tell you i'm insane but i've got a blank space baby and i'll write your name   boys only want love if it's torture don't say i didn't say i didn't warn ya boys only want love if it's torture don't say i didn't say i didn't warn ya   so it's gonna be forever or it's gonna go down in flames you can tell me when it's over mm if the high was worth the pain got a long list of exlovers they'll tell you i'm insane 'cause you know i love the players and you love the game 'cause we're young and we're reckless we'll take this way too far it'll leave you breathless hmm or with a nasty scar got a long list of exlovers they'll tell you i'm insane but i've got a blank space baby and i'll write your name,96,F,57,53
Bloody Mary,Lady Gaga,2011,5,23,money oh   love is just a history that they may prove and when you're gone i'll tell them my religion's you when pontius comes to kill the king upon his throne i'm ready for their stones  pre i'll dance dance dance with my hands hands hands above my head head head like jesus said i'm gonna dance dance dance with my hands hands hands above my head hands together forgive him before he's dead because   i won't cry for you i won't crucify the things you do i won't cry for you see see when you're gone i'll still be bloody mary  post love   we are not just art for michelangelo to carve he can't rewrite the agro of my furied heart i'll wait on mountain tops in paris cold j'veux pas mourir toute seule  pre i'll dance dance dance with my hands hands hands above my head head head like jesus said i'm gonna dance dance dance with my hands hands hands above my head hands together forgive him before he's dead because   i won't cry for you i won't crucify the things you do i won't cry for you see see when you're gone i'll still be bloody mary  post love  interlude gaga gaga gaga gaga gaga gaga gaga gaga gaga gaga gaga gaga gaga gaga gaga gaga  breakdown dum dum dadida dum dum dadidadaddadadida dum dum dadida dum dum dadida dum dum dadidadaddadadida dum dum dadida   i won't cry for you i won't crucify the things you do do do i won't cry for you see see when you're gone i'll still be bloody mary   ohohohohoh ohohohohoh ohohohohoh ohohohohoh ohohohohoh ohohohohoh ohohohohoh ohohohohoh líberate mi amor,100,A,49,0
Bored,Billie Eilish,2017,3,30,aah aah   the games you played were never fun you'd say you'd stay but then you'd run aah  pre giving you what you're begging for giving you what you say i need i don't want any settled scores i just want you to set me free giving you what you're begging for giving you what you say i need say i need   i'm not afraid anymore what makes you sure you're all i need i need forget about it when you walk out the door and leave me torn you're teaching me to live without it bored i'm so bored i'm so bored so bored   i'm home alone you're godknowswhere i hope you don't think that shit's fair aah  pre giving you all you want and more giving you every piece of me i don't want love i can't afford i just want you to love for free can't you see that i'm getting bored giving you every piece of me piece of me   i'm not afraid anymore what makes you sure you're all i need forget about it when you walk out the door and leave me torn you're teaching me to live without it bored i'm so bored i'm so bored so bored  pre giving you what you're begging for giving you what you say i need i don't want any settled scores i just want you to set me free giving you what you're begging for giving you what you say i need say i need   i'm not afraid anymore what makes you sure you're all i need forget about it and when you walk out the door and leave me torn you're teaching me to live without it,120,G,11,0
Cruel Summer,Taylor Swift,2019,8,23,yeah yeah yeah yeah   fever dream high in the quiet of the night you know that i caught it oh yeah you're right i want it bad bad boy shiny toy with a price you know that i bought it oh yeah you're right i want it  pre killing me slow out the window i'm always waiting for you to be waiting below devils roll the dice angels roll their eyes what doesn't kill me makes me want you more   and it's new the shape of your body it's blue the feeling i've got and it's ooh whoa oh it's a cruel summer it's cool that's what i tell 'em no rules in breakable heaven but ooh whoa oh it's a cruel summer with you   hang your head low in the glow of the vending machine i'm not dying oh yeah you're right i want it we say that we'll just screw it up in these trying times we're not trying oh yeah you're right i want it  pre  so cut the headlights summer's a knife i'm always waiting for you just to cut to the bone devils roll the dice angels roll their eyes and if i bleed you'll be the last to know   oh it's new the shape of your body it's blue the feeling i've got and it's ooh whoa oh it's a cruel summer it's cool that's what i tell 'em no rules in breakable heaven but ooh whoa oh it's a cruel summer with you   i'm drunk in the back of the car and i cried like a baby coming home from the bar oh said i'm fine but it wasn't true i don't wanna keep secrets just to keep you and i snuck in through the garden gate every night that summer just to seal my fate oh and i scream for whatever it's worth i love you ain't that the worst thing you ever heard he looks up grinning like a devil   it's new the shape of your body it's blue the feeling i've got and it's ooh whoa oh it's a cruel summer it's cool that's what i tell 'em no rules in breakable heaven but ooh whoa oh it's a cruel summer with you   i'm drunk in the back of the car and i cried like a baby coming home from the bar oh said i'm fine but it wasn't true i don't wanna keep secrets just to keep you and i snuck in through the garden gate every night that summer just to seal my fate oh and i scream for whatever it's worth i love you ain't that the worst thing you ever heard yeah yeah yeah yeah,170,A,58,100
Enchanted,Taylor Swift,2010,10,25,there i was again tonight forcing laughter faking smiles same old tired lonely place walls of insincerity shifting eyes and vacancy vanished when i saw your face all i can say is it was enchanting to meet you   your eyes whispered have we met across the room your silhouette starts to make its way to me the playful conversation starts counter all your quick remarks like passing notes in secrecy and it was enchanting to meet you all i can say is i was enchanted to meet you   this night is sparkling don't you let it go i'm wonderstruck blushing all the way home i'll spend forever wondering if you knew i was enchanted to meet you   the lingering question kept me up am who do you love i wonder 'til i'm wide awake and now i'm pacing back and forth wishing you were at my door i'd open up and you would say hey it was enchanting to meet you all i know is i was enchanted to meet you    this night is sparkling don't you let it go i'm wonderstruck blushing all the way home i'll spend forever wondering if you knew this night is flawless don't you let it go i'm wonderstruck dancing around all alone i'll spend forever wondering if you knew i was enchanted to meet you      this is me praying that this was the very first page not where the storyline ends my thoughts will echo your name until i see you again these are the words i held back as i was leaving too soon i was enchanted to meet you  breakdown please don't be in love with someone else please don't have somebody waiting on you please don't be in love with someone else please don't have somebody waiting on you    this night is sparkling don't you let it go i'm wonderstruck blushing all the way home i'll spend forever wondering if you knew this night is flawless don't you let it go i'm wonderstruck dancing around all alone i'll spend forever wondering if you knew i was enchanted to meet you   please don't be in love with someone else please don't have somebody waiting on you,164,G#,24,16
Levitating,Dua Lipa,2020,3,27,if you wanna run away with me i know a galaxy and i can take you for a ride i had a premonition that we fell into a rhythm where the music don't stop for life glitter in the sky glitter in my eyes shining just the way i like if you're feeling like you need a little bit of company you met me at the perfect time  pre you want me i want you baby my sugarboo i'm levitating the milky way we're renegading yeah yeah yeah yeah yeah   i got you moonlight you're my starlight i need you all night come on dance with me i'm levitating you moonlight you're my starlight you're the moonlight i need you all night come on dance with me i'm levitating   i believe that you're for me i feel it in our energy i see us written in the stars we can go wherever so let's do it now or never baby nothing's ever ever too far glitter in the sky glitter in our eyes shining just the way we are i feel like we're forever every time we get together but whatever let's get lost on mars  pre you want me i want you baby my sugarboo i'm levitating the milky way we're renegading yeah yeah yeah yeah yeah   i got you moonlight you're my starlight i need you all night come on dance with me i'm levitating you moonlight you're my starlight you're the moonlight i need you all night come on dance with me i'm levitating  post you can fly away with me tonight you can fly away with me tonight baby let me take you for a ride yeah yeah yeah yeah yeah i'm levitating woo you can fly away with me tonight you can fly away with me tonight baby let me take you for a ride yeah yeah yeah yeah yeah woo   my love is like a rocket watch it blast off and i'm feeling so electric dance my ass off and even if i wanted to i can't stop yeah yeah yeah yeah yeah my love is like a rocket watch it blast off and i'm feeling so electric dance my ass off and even if i wanted to i can't stop yeah yeah yeah yeah yeah  pre you want me i want you baby my sugarboo i'm levitating the milky way we're renegading   i got you yeah moonlight you're my starlight i need you all night all night come on dance with me i'm levitating woo  post you can fly away with me tonight tonight you can fly away with me tonight baby let me take you for a ride yeah yeah yeah yeah yeah take you for a ride i'm levitating woo you can fly away with me tonight tonight you can fly away with me tonight baby let me take you for a ride yeah yeah yeah yeah yeah let me take you for a ride   i got you moonlight you're my starlight you are my starlight i need you all night come on dance with me come on dance with me i'm levitating you moonlight you're my starlight you're the moonlight i need you all night come on dance with me i'm levitating,103,F#,90,0
Love Yourself,Justin Bieber,2015,11,13,produced by benny blanco   for all the times that you rained on my parade and all the clubs you get in using my name you think you broke my heart oh girl for goodness sake you think i'm cryin' on my own well i ain't  refrain and i didn't wanna write a song 'cause i didn't want anyone thinking i still care i don't but you still hit my phone up and baby i'll be movin' on and i think you should be somethin' i don't wanna hold back maybe you should know that  pre my mama don't like you and she likes everyone and i never like to admit that i was wrong and i've been so caught up in my job didn't see what's going on but now i know i'm better sleeping on my own   'cause if you like the way you look that much oh baby you should go and love yourself and if you think that i'm still holdin' on to somethin' you should go and love yourself   but when you told me that you hated my friends the only problem was with you and not them and every time you told me my opinion was wrong and tried to make me forget where i came from  refrain and i didn't wanna write a song 'cause i didn't want anyone thinking i still care i don't but you still hit my phone up and baby i'll be movin' on and i think you should be somethin' i don't wanna hold back maybe you should know that  pre my mama don't like you and she likes everyone and i never like to admit that i was wrong and i've been so caught up in my job didn't see what's going on but now i know i'm better sleeping on my own   'cause if you like the way you look that much oh baby you should go and love yourself and if you think that i'm still holdin' on to somethin' you should go and love yourself   for all the times that you made me feel small i fell in love now i feel nothin' at all i never felt so low and i was vulnerable was i a fool to let you break down my walls   'cause if you like the way you look that much oh baby you should go and love yourself and if you think that i'm still holdin' on to somethin' you should go and love yourself 'cause if you like the way you look that much oh baby you should go and love yourself and if you think that i'm still holdin' on to somethin' you should go and love yourself,100,E,53,5
Lover,Taylor Swift,2019,8,16,we could leave the christmas lights up 'til january and this is our place we make the rules and there's a dazzling haze a mysterious way about you dear have i known you 0 seconds or 0 years   can i go where you go can we always be this close forever and ever ah take me out and take me home you're my my my my lover   we could let our friends crash in the living room this is our place we make the call and i'm highly suspicious that everyone who sees you wants you i've loved you three summers now honey but i want 'em all   can i go where you go can we always be this close forever and ever ah take me out and take me home forever and ever you're my my my my lover   ladies and gentlemen will you please stand with every  string scar on my hand i take this magnetic force of a man to be my lover my heart's been borrowed and yours has been blue all's well that ends well to end up with you swear to be overdramatic and true to my lover and you'll save all your dirtiest jokes for me and at every table i'll save you a seat lover   can i go where you go can we always be this close forever and ever ah take me out and take me home forever and ever you're my my my my oh you're my my my my darling you're my my my my lover,206,G,50,23
Memories,Maroon 5,2019,9,20,here's to the ones that we got cheers to the wish you were here but you're not 'cause the drinks bring back all the memories of everything we've been through toast to the ones here today toast to the ones that we lost on the way 'cause the drinks bring back all the memories and the memories bring back memories bring back you   there's a time that i remember when i did not know no pain when i believed in forever and everything would stay the same now my heart feel like december when somebody say your name 'cause i can't reach out to call you but i know i will one day yeah  pre everybody hurts sometimes everybody hurts someday ayyayy but everything gon' be alright go and raise a glass and say ayy   here's to the ones that we got cheers to the wish you were here but you're not 'cause the drinks bring back all the memories of everything we've been through toast to the ones here today toast to the ones that we lost on the way 'cause the drinks bring back all the memories and the memories bring back memories bring back you  post doodoo doodoodoodoo doodoodoodoo doodoodoodoo doodoodoodoo doodoodoo memories bring back memories bring back you   there's a time that i remember when i never felt so lost when i felt all of the hatred was too powerful to stop ooh yeah now my heart feel like an ember and it's lighting up the dark i'll carry these torches for ya that you know i'll never drop yeah  pre everybody hurts sometimes everybody hurts someday ayyayy but everything gon' be alright go and raise a glass and say ayy   here's to the ones that we got ohoh cheers to the wish you were here but you're not 'cause the drinks bring back all the memories of everything we've been through no no toast to the ones here today ayy toast to the ones that we lost on the way 'cause the drinks bring back all the memories ayy and the memories bring back memories bring back you  post doodoo doodoodoodoo doodoodoodoo doodoodoodoo doodoodoodoo doodoodoo memories bring back memories bring back you doodoo doodoodoodoo doodoodoodoo doodoodoodoo doodoodoodoo doodoodoo ooh yeah memories bring back memories bring back you   yeah yeah yeah yeah yeah yeah yeah yeah no no memories bring back memories bring back you,91,B,60,2
Mistletoe,Justin Bieber,2011,10,17,it's the most beautiful time of the year lights fill the streets spreading so much cheer i should be playing in the winter snow but i'ma be under the mistletoe i don't wanna miss out on the holiday but i can't stop staring at your face i should be playing in the winter snow but i'ma be under the mistletoe   with you shawty with you with you shawty with you with you under the mistletoe   everyone's gathering around the fire chestnuts roasting like a hot july i should be chilling with my folks i know but i'ma be under the mistletoe word on the street santa's coming tonight reindeer's flying through the sky so high i should be making a list i know but i'ma be under the mistletoe   with you shawty with you with you shawty with you with you under the mistletoe with you shawty with you with you shawty with you with you under the mistletoe   ayy love the wise men followed the star the way i followed my heart and it led me to a miracle ayy love don't you buy me nothing 'cause i am feeling one thing your lips on my lips that's a merry merry christmas   it's the most beautiful time of the year lights fill the streets spreading so much cheer i should be playing in the winter snow but i'ma be under the mistletoe i don't wanna miss out on the holiday but i can't stop staring at your face i should be playing in the winter snow but i'ma be under the mistletoe   with you shawty with you with you shawty with you with you under the mistletoe yeah with you shawty with you with you shawty with you with you under the mistletoe under the mistletoe   kiss me underneath the mistletoe show me baby that you love me soohoh oh oh oh kiss me underneath the mistletoe show me baby that you love me soohoh oh oh oh,162,F#,88,0
Mockingbird,Eminem,2004,11,12,yeah i know sometimes things may not always make sense to you right now but hey what'd daddy always tell you straighten up little soldier stiffen up that upper lip what you cryin' about you got me   hailie i know you miss your mom and i know you miss your dad when i'm gone but i'm tryin' to give you the life that i never had i can see you're sad even when you smile even when you laugh i can see it in your eyes deep inside you wanna cry 'cause you're scared i ain't there daddy's with you in your prayers no more cryin' wipe them tears daddy's here no more nightmares we gon' pull together through it we gon' do it lainieuncle's crazy ain't he yeah but he loves you girl and you better know it we're all we got in this world when it spins when it swirls when it whirls when it twirls two little beautiful girls lookin' puzzled in a daze i know it's confusin' you daddy's always on the move momma's always on the news i try to keep you sheltered from it but somehow it seems the harder that i try to do that the more it backfires on me all the things growin' up as daddy that he had to see daddy don't want you to see but you see just as much as he did we did not plan it to be this way your mother and me but things have got so bad between us i don't see us ever bein' together ever again like we used to be when we was teenagers but then of course everything always happens for a reason i guess it was never meant to be but it's just something we have no control over and that's what destiny is but no more worries rest your head and go to sleep maybe one day we'll wake up and this'll all just be a dream  hook now hush little baby don't you cry everything's gonna be alright stiffen that upper lip up little lady i told ya daddy's here to hold ya through the night i know mommy's not here right now and we don't know why we fear how we feel inside it may seem a little crazy pretty baby but i promise momma's gon' be alright heh   it's funny i remember back one year when daddy had no money mommy wrapped the christmas presents up and stuck 'em under the tree and said some of 'em were from me 'cause daddy couldn't buy 'em i'll never forget that christmas i sat up the whole night cryin' 'cause daddy felt like a bumsee daddy had a job but his job was to keep the food on the table for you and mom and at the time every house that we lived in either kept gettin' broken into and robbed or shot up on the block and your mom was savin' money for you in a jar tryin' to start a piggy bank for you so you could go to college almost had a thousand dollars 'til someone broke in and stole it and i know it hurt so bad it broke your momma's heart and it seemed like everything was just startin' to fall apart mom and dad was arguin' a lot so momma moved back on to chalmers in the flat one bedroom apartment and dad moved back to the other side of 8 mile on novara and that's when daddy went to california with his cd and met dr dre and flew you and momma out to see me but daddy had to work you and momma had to leave me then you started seein' daddy on the tv and momma didn't like it and you and lainie were too young to understand it papa was a rolling stone momma developed a habit and it all happened too fast for either one of us to grab it i'm just sorry you were there and had to witness it first hand 'cause all i ever wanted to do was just make you proud now i'm sittin' in this empty house just reminiscin' lookin' at your baby pictures it just trips me out to see how much you both have grown it's almost like you're sisters now wow guess you pretty much are and daddy's still here lainie i'm talkin' to you too daddy's still here i like the sound of that yeah it's got a ring to it don't it sshh momma's only gone for the moment  hook now hush little baby don't you cry everything's gonna be alright stiffen that upper lip up little lady i told ya daddy's here to hold ya through the night i know mommy's not here right now and we don't know why we fear how we feel inside it may seem a little crazy pretty baby but i promise momma's gon' be alright  hook  and if you ask me to daddy's gonna buy you a mockingbird i'ma give you the world i'ma buy a diamond ring for you i'ma sing for you i'll do anything for you to see you smile and if that mockingbird don't sing and that ring don't shine i'ma break that birdie's neck i'll go back to the jeweler who sold it to ya and make him eat every carat don't fuck with dad haha,84,E,24,61
One Dance,"Drake, WizKid, Kyla",2016,4,5,kyla baby i like your style   drake grips on your waist front way back way you know that i don't play streets not safe but i never run away even when i'm away oti oti there's never much love when we go ot i pray to make it back in one piece i pray i pray   drake that's why i need a one dance got a hennessy in my hand one more time 'fore i go higher powers taking a hold on me i need a one dance got a hennessy in my hand one more time 'fore i go higher powers taking a hold on me  interlude kyla baby i like your style   drake strength and guidance all that i'm wishing for my friends nobody makes it from my ends i had to bust up the silence you know you gotta stick by me soon as you see the text reply me i don't wanna spend time fighting we've got no time   drake and that's why i need a one dance got a hennessy in my hand one more time 'fore i go higher powers taking a hold on me i need a one dance got a hennessy in my hand one more time 'fore i go higher powers taking a hold on me   wizkid got a pretty girl and she love me long time wine it wine it very long time oh yeah very long time back up back up back up and wine it back up back up and wine it girl back up back up back up and wine it oh yeah very long time back up back up and wine it girl  refrain kyla  wizkid tell me i need to know where do you wanna go cause if you're down i'll take it slow make you lose control where where where where where where where oh yeah very long time where where where back up back up and wine it girl where where where where cause if you're down back up back up and cause if you're down back up back up and cause if you're down back up back up and   drake i need a one dance got a hennessy in my hand one more time 'fore i go higher powers taking a hold on me i need a one dance got a hennessy in my hand one more time 'fore i go higher powers taking a hold on me,104,C#,36,24
Payphone,"Maroon 5, Wiz Khalifa",2012,4,17,adam levine i'm at a payphone trying to call home all of my change i spent on you where have the times gone baby it's all wrong where are the plans we made for two   adam levine yeah i i know it's hard to remember the people we used to be it's even harder to picture that you're not here next to me you say it's too late to make it but is it too late to try and in our time that you wasted all of our s burned down  pre adam levine i've wasted my nights you turned out the lights now i'm paralyzed still stuck in that time when we called it love but even the sun sets in paradise   adam levine i'm at a payphone trying to call home all of my change i spent on you where have the times gone baby it's all wrong where are the plans we made for two  post adam levine if happy ever after did exist i would still be holding you like this all those fairytales are full of shit one more fucking love song i'll be sick oh   adam levine you turned your back on tomorrow 'cause you forgot yesterday i gave you my love to borrow but you just gave it away you can't expect me to be fine i don't expect you to care i know i said it before but all of our s burned down  pre adam levine i've wasted my nights you turned out the lights now i'm paralyzed still stuck in that time when we called it love but even the sun sets in paradise   adam levine i'm at a payphone trying to call home all of my change i spent on you whoa whoaoa where have the times gone baby it's all wrong where are the plans we made for two yeah  post adam levine  wiz khalifa if happy ever after did exist i would still be holding you like this and all those fairytales are full of shit one more fucking love song i'll be sick uh now i'm at a payphone   wiz khalifa man fuck that shit i'll be out spending all this money while you're sitting 'round wondering why it wasn't you who came up from nothing made it from the bottom now when you see me i'm stuntin' and all of my cars start with the push of a button telling me i changed since i blew up or whatever you call it switched the number to my phone so you never could call it don't need my name on my shirt you can tell that i'm ballin' swish what a shame coulda got picked had a really good game but you missed your last shot so you talk about who you see at the top or what you could've saw but sad to say it's over for phantom pulled up valet open doors wished i'd go away got what you was looking for now it's me who they want so you can go take that little piece of shit with you   adam levine i'm at a payphone trying to call home all of my change i spent on you whoo where have the times gone baby it's all wrong where are the plans we made for two for two yeah  post adam levine if happy ever after did exist i would still be holding you like this and all these fairytales are full of shit one more fucking love song i'll be sick now i'm at a payphone,110,E,51,4
Perfect,Ed Sheeran,2017,3,3,i found a love for me oh darling just dive right in and follow my lead well i found a girl beautiful and sweet oh i never knew you were the someone waiting for me 'cause we were just kids when we fell in love not knowing what it was i will not give you up this time but darling just kiss me slow your heart is all i own and in your eyes you're holding mine   baby i'm dancing in the dark with you between my arms barefoot on the grass listening to our favourite song when you said you looked a mess i whispered underneath my breath but you heard it darling you look perfect tonight   well i found a woman stronger than anyone i know she shares my dreams i hope that someday i'll share her home i found a love to carry more than just my secrets to carry love to carry children of our own we are still kids but we're so in love fighting against all odds i know we'll be alright this time darling just hold my hand be my girl i'll be your man i see my future in your eyes    baby i'm dancing in the dark with you between my arms barefoot on the grass listening to our favorite song when i saw you in that dress looking so beautiful i don't deserve this darling you look perfect tonight      baby i'm dancing in the dark with you between my arms barefoot on the grass listening to our favorite song i have faith in what i see now i know i have met an angel in person and she looks perfect i don't deserve this you look perfect tonight,95,G#,17,13
Photograph,Ed Sheeran,2014,6,23,loving can hurt loving can hurt sometimes but it's the only thing that i know when it gets hard you know it can get hard sometimes it is the only thing that makes us feel alive  pre we keep this love in a photograph we made these memories for ourselves where our eyes are never closing our hearts were never broken and time's forever frozen still   so you can keep me inside the pocket of your ripped jeans holding me close until our eyes meet you won't ever be alone wait for me to come home   loving can heal loving can mend your soul and it's the only thing that i know know i swear it will get easier remember that with every piece of ya and it's the only thing to take with us when we die  pre we keep this love in a photograph we made these memories for ourselves where our eyes are never closing our hearts were never broken and time's forever frozen still   so you can keep me inside the pocket of your ripped jeans holding me close until our eyes meet you won't ever be alone and if you hurt me that's okay baby only words bleed inside these pages you just hold me and i won't ever let you go wait for me to come home   wait for me to come home wait for me to come home wait for me to come home   oh you can fit me inside the necklace you got when you were 6 next to your heartbeat where i should be keep it deep within your soul and if you hurt me that's okay baby only words bleed inside these pages you just hold me and i won't ever let you go   when i'm away i will remember how you kissed me under the lamppost back on sixth street hearing you whisper through the phone wait for me to come home,108,E,20,3
Santa Tell Me,Ariana Grande,2014,11,24,santa tell me if you're really there don't make me fall in love again if he won't be here next year santa tell me if he really cares 'cause i can't give it all away if he won't be here next year   feeling christmas all around and i'm trying to play it cool but it's hard to focus when i see him walking 'cross the room let it snow is blasting out but i won't get in the mood i'm avoiding every mistletoe until i know it's  pre true love that he thinks of so next christmas i'm not all alone boy   santa tell me if you're really there don't make me fall in love again if he won't be here next year santa tell me if he really cares 'cause i can't give it all away if he won't be here next year   i've been down this road before fell in love on christmas night but on new year's day i woke up and he wasn't by my side now i need someone to hold be my fire in the cold but it's hard to tell if this is just a fling or if it's  pre true love that he thinks of so next christmas i'm not all alone boy   santa tell me if you're really there don't make me fall in love again if he won't be here next year santa tell me if he really cares 'cause i can't give it all away if he won't be here next year   oh i wanna have him beside me like ohwoooh on the 5th by that fireplace ohwoooh but i don't want a new broken heart this year i've got to be smart oh baby santa tell me santa tell me if he will be if he will be here santa tell me santa tell me oh woah   santa tell me santa tell me if you're really there 'cause i really care don't make me fall in love again if he won't be here next year santa tell me tell me if he really cares tell me boy 'cause i can't give it all away if he won't be here next year   santa tell me tell me if you're really there santa baby don't make me fall in love again if he won't be here next year if he won't be if he won't be here santa tell me tell me if he really cares do you care 'cause i can't give it all away if he won't be here next year,133,G,53,0
Shake It Off,Taylor Swift,2014,8,18,i stay out too late got nothing in my brain that's what people say mmm mmm that's what people say mmm mmm i go on too many dates but i can't make them stay at least that's what people say mmm mmm that's what people say mmm mmm  pre  but i keep cruisin' can't stop won't stop movin' it's like i got this music in my mind sayin' it's gonna be alright   'cause the players gonna play play play play play and the haters gonna hate hate hate hate hate baby i'm just gonna shake shake shake shake shake i shake it off i shake it off heartbreakers gonna break break break break break and the fakers gonna fake fake fake fake fake baby i'm just gonna shake shake shake shake shake i shake it off i shake it off   i never miss a beat i'm lightning on my feet and that's what they dont see mmm mmm that's what they dont see mmm mmm i'm dancin' on my own dancin' on my own i make the moves up as i go moves up as i go and that's what they don't know mmm mmm thats what they dont know mmm mmm  pre  but i keep cruisin' can't stop won't stop groovin' it's like i got this music in my mind sayin' it's gonna be alright   'cause the players gonna play play play play play and the haters gonna hate hate hate hate hate baby i'm just gonna shake shake shake shake shake i shake it off i shake it off heartbreakers gonna break break break break break and the fakers gonna fake fake fake fake fake baby i'm just gonna shake shake shake shake shake i shake it off i shake it off  post shake it off i shake it off i i i shake it off i shake it off i i i shake it off i shake it off i i i shake it off i shake it off  interlude hey hey hey just think while you've been gettin' down and out about the liars and the dirty dirty cheats of the world you could've been getting down to this sick beat   my exman brought his new girlfriend she's like oh my god but i'm just gonna shake and to the fella over there with the hella good hair won't you come on over baby we can shake shake shake yeah oh oh oh   'cause the players gonna play play play play play and the haters gonna hate hate hate hate hate haters gonna hate baby i'm just gonna shake shake shake shake shake i shake it off i shake it off heartbreakers gonna break break break break break mmhm and the fakers gonna fake fake fake fake fake and fake and fake and fake baby i'm just gonna shake shake shake shake shake i shake it off i shake it off  post shake it off i shake it off i i i shake it off i shake it off i i i shake it off i shake it off i i i shake it off i shake it off shake it off i shake it off i i i shake it off i shake it off i i i shake it off i shake it off i i i shake it off i shake it off yeah shake it off i shake it off i i i shake it off i shake it off you got to i i i shake it off i shake it off i i i shake it off i shake it off  video directed by mark romanek,160,G,95,13
Shape of You,Ed Sheeran,2017,1,6,the club isn't the best place to find a lover so the bar is where i go me and my friends at the table doing shots drinking fast and then we talk slow and you come over and start up a conversation with just me and trust me i'll give it a chance now take my hand stop put van the man on the jukebox and then we start to dance and now i'm singing like  pre girl you know i want your love your love was handmade for somebody like me come on now follow my lead i may be crazy don't mind me say boy let's not talk too much grab on my waist and put that body on me come on now follow my lead come come on now follow my lead   i'm in love with the shape of you we push and pull like a magnet do although my heart is falling too i'm in love with your body and last night you were in my room and now my bed sheets smell like you every day discovering something brand new i'm in love with your body ohiohiohiohi i'm in love with your body ohiohiohiohi i'm in love with your body ohiohiohiohi i'm in love with your body every day discovering something brand new i'm in love with the shape of you   one week in we let the story begin we're going out on our first date you and me are thrifty so go all you can eat fill up your bag and i fill up a plate we talk for hours and hours about the sweet and the sour and how your family is doing okay leave and get in a taxi then kiss in the backseat tell the driver make the radio play and i'm singing like  pre girl you know i want your love your love was handmade for somebody like me come on now follow my lead i may be crazy don't mind me say boy let's not talk too much grab on my waist and put that body on me come on now follow my lead come come on now follow my lead   i'm in love with the shape of you we push and pull like a magnet do although my heart is falling too i'm in love with your body and last night you were in my room and now my bed sheets smell like you every day discovering something brand new i'm in love with your body ohiohiohiohi i'm in love with your body ohiohiohiohi i'm in love with your body ohiohiohiohi i'm in love with your body every day discovering something brand new i'm in love with the shape of you   come on be my baby come on come on be my baby come on come on be my baby come on come on be my baby come on come on be my baby come on come on be my baby come on come on be my baby come on come on be my baby come on   i'm in love with the shape of you we push and pull like a magnet do although my heart is falling too i'm in love with your body last night you were in my room and now my bed sheets smell like you every day discovering something brand new i'm in love with your body come on be my baby come on come on be my baby come on i'm in love with your body come on be my baby come on come on be my baby come on i'm in love with your body come on be my baby come on come on be my baby come on i'm in love with your body every day discovering something brand new i'm in love with the shape of you,96,C#,93,10
Sparks,Coldplay,2000,7,10,did i drive you away i know what you'll say you say oh sing one you know but i promise you this i'll always look out for you yeah that's what i'll do   i say oh i say oh   my heart is yours it's you that i hold on to yeah that's what i do and i know i was wrong but i won't let you down oh yeah i will yeah i will yes i will yeah i will   i said oh i cry oh   yeah i saw sparks yeah i saw sparks and i saw sparks yeah i saw sparks sing it out   la la la la oh la la la la oh la la la la oh la la la la oh,103,C#,17,4
Stan,"Eminem, Dido",2000,5,23,produced by mark the 45 king   dido my tea's gone cold i'm wondering why i got out of bed at all the morning rain clouds up my window and i can't see at all and even if i could it'd all be gray but your picture on my wall it reminds me that it's not so bad it's not so bad my tea's gone cold i'm wondering why i got out of bed at all the morning rain clouds up my window and i can't see at all and even if i could it'd all be gray but your picture on my wall it reminds me that it's not so bad it's not so bad   eminem as stan dear slim i wrote you but you still ain't callin' i left my cell my pager and my home phone at the bottom i sent two letters back in autumn you must not've got 'em there probably was a problem at the post office or somethin' sometimes i scribble addresses too sloppy when i jot 'em but anyways fuck it what's been up man how's your daughter my girlfriend's pregnant too i'm 'bout to be a father if i have a daughter guess what i'ma call her i'ma name her bonnie i read about your uncle ronnie too i'm sorry i had a friend kill himself over some bitch who didn't want him i know you probably hear this every day but i'm your biggest fan i even got the underground shit that you did with skam i got a room full of your posters and your pictures man i like the shit you did with rawkus too that shit was phat anyways i hope you get this man hit me back just to chat truly yours your biggest fan this is stan   dido my tea's gone cold i'm wondering why i got out of bed at all the morning rain clouds up my window and i can't see at all and even if i could it'd all be gray but your picture on my wall it reminds me that it's not so bad it's not so bad   eminem as stan dear slim you still ain't called or wrote i hope you have a chance i ain't mad i just think it's fucked up you don't answer fans if you didn't want to talk to me outside your concert you didn't have to but you coulda signed an autograph for matthew that's my little brother man he's only six years old we waited in the blisterin' cold for you for four hours and you just said no that's pretty shitty man you're like his fuckin' idol he wants to be just like you man he likes you more than i do i ain't that mad though i just don't like bein' lied to remember when we met in denver you said if i'd write you you would write back see i'm just like you in a way i never knew my father neither he used to always cheat on my mom and beat her i can relate to what you're sayin' in your songs so when i have a shitty day i drift away and put 'em on cause i don't really got shit else so that shit helps when i'm depressed i even got a tattoo with your name across the chest sometimes i even cut myself to see how much it bleeds it's like adrenaline the pain is such a sudden rush for me see everything you say is real and i respect you cause you tell it my girlfriend's jealous 'cause i talk about you 47 but she don't know you like i know you slim no one does she don't know what it was like for people like us growin' up you gotta call me man i'll be the biggest fan you'll ever lose sincerely yours stanps we should be together too   dido my tea's gone cold i'm wondering why i got out of bed at all the morning rain clouds up my window and i can't see at all and even if i could it'd all be gray but your picture on my wall it reminds me that it's not so bad it's not so bad   eminem as stan dear mr i'mtoogoodtocallorwritemyfans this'll be the last package i ever send your ass it's been six months and still no wordi don't deserve it i know you got my last two letters i wrote the addresses on 'em perfect so this is my cassette i'm sendin' you i hope you hear it i'm in the car right now i'm doin' 90 on the freeway hey slim i drank a fifth of vodka you dare me to drive you know the song by phil collins in the air of the night about that guy who coulda saved that other guy from drownin' but didn't then phil saw it all then at a show he found him that's kinda how this is you coulda rescued me from drownin' now it's too late i'm on a thousand downers nowi'm drowsy and all i wanted was a lousy letter or a call i hope you know i ripped all of your pictures off the wall i loved you slim we coulda been togetherthink about it you ruined it now i hope you can't sleep and you dream about it and when you dream i hope you can't sleep and you scream about it i hope your conscience eats at you and you can't breathe without me see slimshut up bitch i'm tryin' to talk hey slim that's my girlfriend screamin' in the trunk but i didn't slit her throat i just tied her upsee i ain't like you cause if she suffocates she'll suffer more and then she'll die too well gotta go i'm almost at the  now oh shit i forgothow am i supposed to send this shit out   dido my tea's gone cold i'm wondering why i got out of bed at all the morning rain clouds up my window and i can't see at all and even if i could it'd all be gray but your picture on my wall it reminds me that it's not so bad it's not so bad  4 eminem dear stan i meant to write you sooner but i just been busy you said your girlfriend's pregnant now how far along is she look i'm really flattered you would call your daughter that and here's an autograph for your brother i wrote it on a starter cap i'm sorry i didn't see you at the show i must've missed you don't think i did that shit intentionally just to diss you but what's this shit you said about you like to cut your wrists too i say that shit just clownin' dawg come on how fucked up is you you got some issues stan i think you need some counselin' to help your ass from bouncin' off the walls when you get down some and what's this shit about us meant to be together that type of shit'll make me not want us to meet each other i really think you and your girlfriend need each other or maybe you just need to treat her better i hope you get to read this letter i just hope it reaches you in time before you hurt yourself i think that you'll be doin' just fine if you relax a little i'm glad i inspire you but stan why are you so mad try to understand that i do want you as a fan i just don't want you to do some crazy shit i seen this one shit on the news a couple weeks ago that made me sick some dude was drunk and drove his car over a  and had his girlfriend in the trunk and she was pregnant with his kid and in the car they found a tape but they didn't say who it was to come to think about it his name wasit was you   damn,80,F#,53,0
Style,Taylor Swift,2014,10,27,midnight you come and pick me up no headlights long drive could end in burning flames or paradise fade into view oh it's been a while since i have even heard from you heard from you and i should just tell you to leave 'cause i know exactly where it leads but i watch us go 'round and 'round each time   you got that james dean daydream look in your eye and i got that red lip classic thing that you like and when we go crashing down we come back every time 'cause we never go out of style we never go out of style you got that long hair slicked back white tshirt and i got that good girl faith and a tight little skirt and when we go crashing down we come back every time 'cause we never go out of style we never go out of style   so it goes he can't keep his wild eyes on the road mmm takes me home the lights are off he's taking off his coat mmm yeah i say i heard oh that you've been out and about with some other girl some other girl he says what you heard is true but i can't stop thinking 'bout you and i i said i've been there too a few times   'cause you got that james dean daydream look in your eye and i got that red lip classic thing that you like and when we go crashing down we come back every time 'cause we never go out of style we never go out of style you got that long hair slicked back white tshirt and i got that good girl faith and a tight little skirt a tight little skirt and when we go crashing down we come back every time 'cause we never go out of style we never go we never go we never go out of style   take me home just take me home yeah just take me home ohoh whoaoh oh out of style   oh you got that james dean daydream look in your eye and i got that red lip classic thing that you like and when we go crashing down and when we go we come back every time 'cause we never go out of style we never go out of style,95,D,48,42
Superman,"Eminem, Dina Rae",2002,5,26,eminem  dina rae mhmmm inhales you high baby yeah yeah talk to me you want me to tell you something uhhuh i know what you wanna hear  refrain eminem  dina rae 'cause i know you want me baby i think i want you too i think i love you baby i think i love you too i'm here to save you girl come be in shady's world i wanna grow together let's let our love unfurl you know you want me baby you know i want you too they call me superman i'm here to rescue you i wanna save you girl come be in shady's world oh boy you drive me crazy bitch you make me hurl   eminem they call me superman leap tall hoes in a single bound i'm single now got no ring on this finger now i'd never let another chick bring me down in a relationship save it bitch babysit you make me sick superman ain't savin' shit girl you can jump on shady's dick straight from the hip cut to the chase i tell a motherfuckin' slut to her face play no games say no names ever since i broke up with what'sherface i'm a different man kiss my ass kiss my lips bitch why ask kiss my dick get my cash i'd rather have you whip my ass don't put out i'll put you out won't get out i'll push you out puss blew out poppin' shit wouldn't piss on fire to put you out am i too nice buy you ice bitch if you died wouldn't buy you life what you tryin' to be my new wife what you mariah fly through twice  pre eminem but i do know one thing though bitches they come they go saturday through sunday monday monday through sunday yo maybe i'll love you one day maybe we'll someday grow 'til then just sit your drunk ass on that fuckin' runway ho   eminem cause i can't be your superman can't be your superman can't be your superman can't be your superman i can't be your superman can't be your superman can't be your superman your superman your superman   eminem don't get me wrong i love these hoes it's no secret everybody knows yeah we fuckedbitch so what that's about as far as your buddy goes we'll be friends i'll call you again i'll chase you around every bar you attend never know what kinda car i'll be in we'll see how much you'll be partyin' then you don't want that neither do i i don't wanna flip when i see you with guys too much pride between you and i not a jealous man but females lie but i guess that's just what sluts do how could it ever be just us two i'd never love you enough to trust you we just met and i just fucked you  pre eminem but i do know one thing though bitches they come they go saturday through sunday monday monday through sunday yo maybe i'll love you one day maybe we'll someday grow 'til then just sit your drunk ass on that fuckin' runway ho   eminem cause i can't be your superman can't be your superman can't be your superman can't be your superman i can't be your superman can't be your superman can't be your superman your superman your superman cause i can't be your superman can't be your superman can't be your superman can't be your superman i can't be your superman can't be your superman can't be your superman your superman your superman  refrain eminem  dina rae 'cause i know you want me baby i think i want you too i think i love you baby i think i love you too i'm here to save you girl come be in shady's world i wanna grow together let's let our love unfurl you know you want me baby you know i want you too they call me superman i'm here to rescue you i wanna save you girl come be in shady's world oh boy you drive me crazy bitch you make me hurl   eminem first thing you say i'm not fazed i hang around big stars all day i don't see what the big deal is anyway you're just plain old marshall to me ooh yeah girl run that game hailie jade i love that name love that tattoo what's that say rot in pieces uh that's great first off you don't know marshall at all so don't grow partial that's ammo for my arsenal i'll slap you off that bar stool there goes another lawsuit leave handprints all across you good lordy whoadie you must be gone off that water bottle you want what you can't have ooh girl that's too damn bad don't touch what you can't grab end up with two backhands put anthrax on a tampax and slap you 'til you can't stand girl you just blew your chance don't mean to ruin your plans  pre eminem but i do know one thing though bitches they come they go saturday through sunday monday monday through sunday yo maybe i'll love you one day maybe we'll someday grow 'til then just sit your drunk ass on that fuckin' runway ho   eminem cause i can't be your superman can't be your superman can't be your superman can't be your superman i can't be your superman can't be your superman can't be your superman your superman your superman cause i can't be your superman can't be your superman can't be your superman can't be your superman i can't be your superman can't be your superman can't be your superman your superman your superman  refrain eminem  dina rae 'cause i know you want me baby i think i want you too i think i love you baby i think i love you too i'm here to save you girl come be in shady's world i wanna grow together let's let our love unfurl you know you want me baby you know i want you too they call me superman i'm here to rescue you i wanna save you girl come be in shady's world oh boy you drive me crazy bitch you make me hurl   eminem cause i can't be your superman can't be your superman can't be your superman can't be your superman i can't be your superman can't be your superman can't be your superman your superman your superman cause i can't be your superman can't be your superman can't be your superman can't be your superman i can't be your superman can't be your superman can't be your superman your superman your superman,130,E,64,14
The Real Slim Shady,Eminem,2000,4,23,may i have your attention please may i have your attention please will the real slim shady please stand up i repeat will the real slim shady please stand up we're gonna have a problem here   y'all act like you never seen a white person before jaws all on the floor like pam like tommy just burst in the door and started whoopin' her ass worse than before they first were divorced suin' her over furniture agh it's the return of the oh wait no way you're kidding he didn't just say what i think he did did he and dr dre said nothing you idiots dr dre's dead he's locked in my basement ha ha feminist women love eminem chicka chicka chicka slim shady i'm sick of him look at him walkin' around grabbin' his youknowwhat flippin' the youknowwho yeah but he's so cute though yeah i probably got a couple of screws up in my head loose but no worse than what's goin' on in your parents' bedrooms sometimes i wanna get on tv and just let loose but can't but it's cool for tom green to hump a dead moose my bum is on your lips my bum is on your lips and if i'm lucky you might just give it a little kiss and that's the message that we deliver to little kids and expect them not to know what a woman's clitoris is of course they're gonna know what intercourse is by the time they hit fourth grade they've got the discovery channel don't they we ain't nothin' but mammalswell some of us cannibals who cut other people open like cantaloupes but if we can hump dead animals and antelopes then there's no reason that a man and another man can't elope but if you feel like i feel i got the antidote women wave your pantyhose sing the  and it goes   i'm slim shady yes i'm the real shady all you other slim shadys are just imitating so won't the real slim shady please stand up please stand up please stand up 'cause i'm slim shady yes i'm the real shady all you other slim shadys are just imitating so won't the real slim shady please stand up please stand up please stand up   will smith don't gotta cuss in his raps to sell records nope well i do so fuck him and fuck you too you think i give a damn about a grammy half of you critics can't even stomach me let alone stand me but slim what if you win wouldn't it be weird why so you guys could just lie to get me here so you can sit me here next to britney spears shit christina aguilera better switch me chairs so i can sit next to carson daly and fred durst and hear 'em argue over who she gave head to first little bitch put me on blast on mtv yeah he's cute but i think he's married to kim heehee i should download her audio on mp and show the whole world how you gave eminem vd agh i'm sick of you little girl and boy groups all you do is annoy me so i have been sent here to destroy you and there's a million of us just like me who cuss like me who just don't give a fuck like me who dress like me walk talk and act like me and just might be the next best thing but not quite me   'cause i'm slim shady yes i'm the real shady all you other slim shadys are just imitating so won't the real slim shady please stand up please stand up please stand up 'cause i'm slim shady yes i'm the real shady all you other slim shadys are just imitating so won't the real slim shady please stand up please stand up please stand up   i'm like a head trip to listen to cause i'm only givin' you things you joke about with your friends inside your livin' room the only difference is i got the balls to say it in front of y'all and i don't gotta be false or sugarcoat it at all i just get on the mic and spit it and whether you like to admit it i just shit it better than ninety percent of you rappers out can then you wonder how can kids eat up these albums like valiums it's funny cause at the rate i'm going when i'm thirty i'll be the only person in the nursing home flirting pinching nurse's asses when i'm jacking off with jergens and i'm jerking but this whole bag of viagra isn't working and every single person is a slim shady lurking he could be working at burger king spittin' on your onion rings or in the parking lot circling screaming i don't give a fuck with his windows down and his system up so will the real shady please stand up and put one of those fingers on each hand up and be proud to be outta your mind and outta control and one more time loud as you can how does it go   i'm slim shady yes i'm the real shady all you other slim shadys are just imitating so won't the real slim shady please stand up please stand up please stand up 'cause i'm slim shady yes i'm the real shady all you other slim shadys are just imitating so won't the real slim shady please stand up please stand up please stand up 'cause i'm slim shady yes i'm the real shady all you other slim shadys are just imitating so won't the real slim shady please stand up please stand up please stand up 'cause i'm slim shady yes i'm the real shady all you other slim shadys are just imitating so won't the real slim shady please stand up please stand up please stand up   ha ha i guess theres a slim shady in all of us fuck it lets all stand up  produced by dr dre  melman,104,F,78,27
The Scientist,Coldplay,2002,8,26,come up to meet you tell you i'm sorry you don't know how lovely you are i had to find you tell you i need you tell you i set you apart tell me your secrets and ask me your questions oh let's go back to the start running in circles coming up tails heads on a science apart   nobody said it was easy it's such a shame for us to part nobody said it was easy no one ever said it would be this hard oh take me back to the start   i was just guessing at numbers and figures pulling the puzzles apart questions of science science and progress do not speak as loud as my heart tell me you love me come back and haunt me oh and i rush to the start running in circles chasing our tails coming back as we are   nobody said it was easy oh it's such a shame for us to part nobody said it was easy no one ever said it would be so hard i'm going back to the start   ohooh oohoohoohooh ahooh oohoohoohooh ohooh oohoohoohooh ohooh oohoohoohooh,146,F,21,6
Thinking Out Loud,Ed Sheeran,2014,6,23,when your legs don't work like they used to before and i can't sweep you off of your feet will your mouth still remember the taste of my love will your eyes still smile from your cheeks and darling i will be loving you till we're seventy and baby my heart could still fall as hard at twentythree and i'm thinking 'bout how  pre  people fall in love in mysterious ways maybe just the touch of a hand well me i fall in love with you every single day i just wanna tell you i am   so honey now take me into your loving arms kiss me under the light of a thousand stars place your head on my beating heart i'm thinking out loud and maybe we found love right where we are   when my hair's all but gone and my memory fades and the crowds don't remember my name when my hands don't play the strings the same way i know you will still love me the same 'cause honey your soul could never grow old it's evergreen and baby your smile's forever in my mind and memory and i'm thinking 'bout how  pre  people fall in love in mysterious ways and maybe it's all part of a plan well i'll just keep on making the same mistakes hoping that you'll understand   that baby now take me into your loving arms kiss me under the light of a thousand stars place your head on my beating heart i'm thinking out loud and maybe we found love right where we are   so baby now take me into your loving arms kiss me under the light of a thousand stars oh darling place your head on my beating heart i'm thinking out loud that maybe we found love right where we are oh baby we found love right where we are and we found love right where we are,79,D,58,0
We Found Love,"Rihanna, Calvin Harris",2011,9,22,video  agyness deyn it's like you're screaming and no one can hear you almost feel ashamed that someone could be that important that without them you feel like nothing no one will ever understand how much it hurts you feel hopeless like nothing can save you and when it's over and it's gone you almost wish you could have all that bad stuff back so that you could have the good   rihanna yellow diamonds in the light and we're standing side by side as your shadow crosses mine what it takes to come alive  pre rihanna it's the way i'm feeling i just can't deny but i've gotta let it go   rihanna we found love in a hopeless place we found love in a hopeless place we found love in a hopeless place we found love in a hopeless place   rihanna shine a light through an open door love and life i will divide turn away cause i need you more feel the heartbeat in my mind  pre rihanna it's the way i'm feeling i just can't deny but i've gotta let it go   rihanna we found love in a hopeless place we found love in a hopeless place we found love in a hopeless place we found love in a hopeless place   rihanna yellow diamonds in the light and we're standing side by side as your shadow crosses mine   rihanna we found love in a hopeless place we found love in a hopeless place we found love in a hopeless place we found love in a hopeless place   rihanna we found love in a hopeless place we found love in a hopeless place we found love in a hopeless place we found love in a hopeless place,128,C#,60,21
Without Me,Eminem,2002,5,21,obie trice obie trice real name no gimmicks record scratch  refrain  eminem two trailer park girls go 'round the outside 'round the outside 'round the outside two trailer park girls go 'round the outside 'round the outside 'round the outside  refrain  eminem guess who's back back again shady's back tell a friend guess who's back guess who's back guess who's back guess who's back guess who's back guess who's back guess who's back   eminem i've created a monster 'cause nobody wants to see marshall no more they want shady i'm chopped liver well if you want shady this is what i'll give ya a little bit of weed mixed with some hard liquor some vodka that'll jump start my heart quicker than a shock when i get shocked at the hospital by the doctor when i'm not cooperating when i'm rocking the table while he's operating hey you waited this long now stop debating cause i'm back i'm on the rag and ovulating i know that you got a job ms cheney but your husband's heart problem's complicating so the fcc won't let me be or let me be me so let me see they try to shut me down on mtv but it feels so empty without me so come on and dip bum on your lips fuck that cum on your lips and some on your tits and get ready cause this shit's about to get heavy i just settled all my lawsuitsfuck you debbie   eminem now this looks like a job for me so everybody just follow me cause we need a little controversy cause it feels so empty without me i said this looks like a job for me so everybody just follow me cause we need a little controversy cause it feels so empty without me   eminem little hellions kids feeling rebellious embarrassed their parents still listen to elvis they start feeling like prisoners helpless 'til someone comes along on a mission and yells bitch a visionary vision is scary could start a revolution polluting the airwaves a rebel so just let me revel and bask in the fact that i got everyone kissing my ass smack and it's a disaster such a catastrophe for you to see so damn much of my assyou asked for me well i'm back nananananananananana fix your bent antenna tune it in and then i'm gonna enter in and up under your skin like a splinter the center of attention back for the winter i'm interesting the best thing since wrestling infesting in your kid's ears and nesting testing attention please feel the tension soon as someone mentions me here's my ten cents my two cents is free a nuisance who sent you sent for me   eminem now this looks like a job for me so everybody just follow me cause we need a little controversy cause it feels so empty without me i said this looks like a job for me so everybody just follow me cause we need a little controversy cause it feels so empty without me   eminem a tiskit a taskit i'll go tit for tat with anybody who's talking this shit that shit chris kirkpatrick you can get your ass kicked worse than them little limp bizkit bastards and moby you can get stomped by obie you 6yearold baldheaded fag blow me you don't know me you're too old let go it's over nobody listens to techno now let's go just give me the signal i'll be there with a whole list full of new insults i've been dope suspenseful with a pencil ever since prince turned himself into a symbol but sometimes the shit just seems everybody only wants to discuss me so this must mean i'm disgusting but it's just me i'm just obscene though i'm not the first king of controversy i am the worst thing since elvis presley to do black music so selfishly and use it to get myself wealthy hey there's a concept that works twenty million other white rappers emerge but no matter how many fish in the sea it'd be so empty without me   eminem now this looks like a job for me so everybody just follow me cause we need a little controversy cause it feels so empty without me i said this looks like a job for me so everybody just follow me cause we need a little controversy cause it feels so empty without me   eminem hum dei dei la la la la la la la la la la la la la la la la hum dei dei la la la la la la la la la la la la la la la la kids,112,G,67,43
